time_period,geographic_level,country_name,region_name,la_name,school_type,attendance_perc,authorised_absence_perc,unauthorised_absence_perc,pa_perc
202526,Local authority,England,London,Tower Hamlets,Primary,94.0639544393504,4.28318888837275,1.65285667227681,
202526,Local authority,England,West Midlands,Walsall,Primary,94.2843352195405,3.34303891846302,2.37262586199645,
202526,Local authority,England,London,Bexley,Primary,95.0016689361492,3.44767237269015,1.55065869116063,
202526,Local authority,England,South East,Bracknell Forest,Primary,95.239972260786,3.71018667849636,1.04984106071761,
202526,Local authority,England,West Midlands,Warwickshire,Primary,94.6546635456337,3.98029761668057,1.36503883768577,
202526,Local authority,England,South West,Cornwall,Primary,94.5643615985324,4.05431475164027,1.38132364982733,
202526,Local authority,England,South East,Hampshire,Primary,95.1695723789309,3.75922756326966,1.07120005779947,
202526,Local authority,England,North East,Darlington,Primary,94.1929335545834,4.16094564336291,1.64612080205371,
202526,Local authority,England,South East,Slough,Primary,94.2355174750355,4.38169702304354,1.38278550192102,
202526,Local authority,England,North West,Stockport,Primary,95.1410472603719,3.52155528754362,1.33739745208443,
202526,Local authority,England,North West,Sefton,Primary,94.6723833413915,3.5927576543041,1.73485900430438,
202526,Local authority,England,London,Barnet,Primary,95.209814029235,3.62812566556793,1.16206030519707,
202526,Local authority,England,North West,Wirral,Primary,94.4421774172525,3.81756147441774,1.74026110832979,
202526,Local authority,England,East of England,Southend-on-Sea,Primary,94.6197567764102,3.7504477519297,1.62979547166005,
202526,Local authority,England,South East,Buckinghamshire,Primary,94.8358991879335,4.01299146533437,1.15110934673209,
202526,Local authority,England,North East,Sunderland,Primary,94.6498073044371,3.55162253888726,1.79857015667565,
202526,Local authority,England,London,Sutton,Primary,94.9557748673551,3.64743362020148,1.39679151244346,
202526,Local authority,England,West Midlands,Wolverhampton,Primary,94.3765237911145,3.48495417969837,2.13852202918708,
202526,Local authority,England,London,Redbridge,Primary,94.281364964767,4.0267037528839,1.69193128234915,
202526,Local authority,England,London,Greenwich,Primary,94.8050345776419,3.21212876839243,1.98283665396568,
202526,Local authority,England,South East,West Berkshire,Primary,94.9406454930475,3.94869881487769,1.11065569207482,
202526,Local authority,England,Yorkshire and The Humber,Wakefield,Primary,94.6312775437265,3.65970735264858,1.70901510362495,
202526,Local authority,England,South West,Swindon,Primary,95.0391885122725,3.70788111537819,1.25293037234931,
202526,Local authority,England,South West,Gloucestershire,Primary,94.6747396915114,4.096826956659,1.22843335182961,
202526,Local authority,England,West Midlands,Stoke-on-Trent,Primary,94.7374791819236,3.33392555614778,1.9285952619286,
202526,Local authority,England,East of England,Central Bedfordshire,Primary,94.8164838493552,3.82371944568379,1.35979670496106,
202526,Local authority,England,Yorkshire and The Humber,Leeds,Primary,94.526423218024,3.34415006260109,2.12942671937493,
202526,Local authority,England,North East,Hartlepool,Primary,94.7724886622011,3.46272057239751,1.7647907654014,
202526,Local authority,England,West Midlands,Sandwell,Primary,94.3668782419013,3.47896298591611,2.15415877218256,
202526,Local authority,England,North West,Wigan,Primary,94.7866992133462,3.65302327692877,1.56027750972505,
202526,Local authority,England,South East,Southampton,Primary,94.1228585269512,3.93902660165522,1.9381148713936,
202526,Local authority,England,London,Croydon,Primary,94.5456297803047,3.75593069364642,1.6984395260489,
202526,Local authority,England,North West,Westmorland and Furness,Primary,95.4468534822983,3.39152529803414,1.16162121966755,
202526,Local authority,England,North West,Tameside,Primary,94.9194049266279,3.15068705080144,1.92990802257068,
202526,Local authority,England,North West,Rochdale,Primary,94.5461559182199,3.23105825860705,2.22278582317302,
202526,Local authority,England,North West,Warrington,Primary,95.6689184970222,3.06632244981699,1.26475905316084,
202526,Local authority,England,North East,Redcar and Cleveland,Primary,94.4485584355584,3.34406316581182,2.20737839862974,
202526,Local authority,England,East Midlands,Derbyshire,Primary,94.9162618596677,3.81066832604142,1.27306981429085,
202526,Local authority,England,South West,Wiltshire,Primary,95.2110568061504,3.69670811837163,1.09223507547796,
202526,Local authority,England,West Midlands,"Herefordshire, County of",Primary,94.8967570518945,4.16715253251631,0.936090415589212,
202526,Local authority,England,West Midlands,Shropshire,Primary,94.8729507711377,3.96308328760851,1.16396594125379,
202526,Local authority,England,South West,"Bournemouth, Christchurch and Poole",Primary,95.1132808182896,3.6461370192949,1.24058216241554,
202526,Local authority,England,South East,Milton Keynes,Primary,95.2221492870328,3.55613903707059,1.22171167589656,
202526,Local authority,England,East of England,Essex,Primary,94.4581291027548,3.96169836555489,1.58017253169027,
202526,Local authority,England,North East,Stockton-on-Tees,Primary,94.8436995077347,3.35242894332508,1.8038715489402,
202526,Local authority,England,London,Lewisham,Primary,94.7516337007993,3.50130634869303,1.74705995050766,
202526,Local authority,England,London,Kingston upon Thames,Primary,95.1983838249619,3.25292464243654,1.54869153260158,
202526,Local authority,England,East Midlands,North Northamptonshire,Primary,94.5035938725644,3.95267833202055,1.54372779541506,
202526,Local authority,England,South East,Portsmouth,Primary,94.4997030660479,3.80964369186619,1.69065324208586,
202526,Local authority,England,London,Richmond upon Thames,Primary,95.6222232879758,3.02311391196695,1.35466280005722,
202526,Local authority,England,Yorkshire and The Humber,Bradford,Primary,94.174083945872,3.62287721269948,2.20303884142854,
202526,Local authority,England,North West,Cheshire East,Primary,95.4019425134094,3.55931906001804,1.03873842657253,
202526,Local authority,England,London,Newham,Primary,93.9731168123015,3.42478844964328,2.60209473805525,
202526,Local authority,England,East Midlands,West Northamptonshire,Primary,94.8935882526151,3.70974675108453,1.39666499630035,
202526,Local authority,England,North East,North Tyneside,Primary,94.8837699550203,3.38949495782723,1.72673508715248,
202526,Local authority,England,East of England,Peterborough,Primary,94.7953770972903,3.89011449718413,1.3145084055256,
202526,Local authority,England,North West,Cheshire West and Chester,Primary,94.9992302145843,3.63501601829338,1.3657537671223,
202526,Local authority,England,London,Havering,Primary,94.799709280616,3.98180139555244,1.21848932383155,
202526,Local authority,England,London,Brent,Primary,94.7665655932106,3.72357808024354,1.50985632654583,
202526,Local authority,England,London,Hounslow,Primary,94.3563948531939,3.87480936491371,1.76879578189237,
202526,Local authority,England,London,Hackney,Primary,94.5374888505196,3.78775291580861,1.67475823367175,
202526,Local authority,England,London,Southwark,Primary,94.719778374311,3.71860064068015,1.56162098500885,
202526,Local authority,England,West Midlands,Coventry,Primary,94.1872192839103,3.97419451335485,1.83858620273484,
202526,Local authority,England,North West,Knowsley,Primary,93.280786715685,3.4399077707955,3.27930551351948,
202526,Local authority,England,Yorkshire and The Humber,North East Lincolnshire,Primary,94.7298106295123,3.19327967580346,2.07690969468422,
202526,Local authority,England,South West,Devon,Primary,94.700528383867,4.10666024767512,1.19281136845786,
202526,Local authority,England,Yorkshire and The Humber,"Kingston upon Hull, City of",Primary,94.6265259605695,3.31606720917064,2.0574068302599,
202526,Local authority,England,Yorkshire and The Humber,Barnsley,Primary,94.6210153405119,3.31295121876922,2.06603344071884,
202526,Local authority,England,South West,Somerset,Primary,94.4914781617848,4.06986121165485,1.43866062656035,
202526,Local authority,England,Yorkshire and The Humber,Sheffield,Primary,94.232561233389,3.46972698112371,2.29771178548728,
202526,Local authority,England,East of England,Norfolk,Primary,94.5076736247568,3.97509754833402,1.51722882690913,
202526,Local authority,England,East Midlands,Derby,Primary,94.2449921214886,3.60613332366299,2.14887455484843,
202526,Local authority,England,East of England,Hertfordshire,Primary,94.8888783597147,3.90050840414395,1.21061323614136,
202526,Local authority,England,London,Wandsworth,Primary,94.6884657749063,3.72679642214378,1.58473780294989,
202526,Local authority,England,Yorkshire and The Humber,Rotherham,Primary,94.3964975060486,3.4248384884072,2.17866400554423,
202526,Local authority,England,North West,Cumberland,Primary,95.1445271190647,3.65470263760258,1.20077024333274,
202526,Local authority,England,South East,Wokingham,Primary,95.3222795583073,3.64412935637415,1.03359108531855,
202526,Local authority,England,North West,Manchester,Primary,94.3377915210422,3.52769281294332,2.13451566601448,
202526,Local authority,England,North West,Bury,Primary,94.8849077586651,3.69164257269666,1.42344966863827,
202526,Local authority,England,South East,Oxfordshire,Primary,94.8671590064543,3.93204933434342,1.20079165920225,
202526,Local authority,England,London,Kensington and Chelsea,Primary,94.1629334096112,4.32949710821005,1.50756948217873,
202526,Local authority,England,North West,Liverpool,Primary,94.1895640753766,2.98530709211706,2.82512883250635,
202526,Local authority,England,North West,Lancashire,Primary,94.836885551154,3.70818928977336,1.45492515907265,
202526,Local authority,England,North West,Salford,Primary,94.2869026280332,3.53156189759808,2.18153547436872,
202526,Local authority,England,North West,Halton,Primary,94.3279055625996,3.71394291373882,1.95815152366161,
202526,Local authority,England,North West,Oldham,Primary,94.6491475061827,3.26896034017605,2.08189215364128,
202526,Local authority,England,East Midlands,Leicestershire,Primary,95.3122615377833,3.6228544231058,1.06488403911087,
202526,Local authority,England,Yorkshire and The Humber,North Yorkshire,Primary,95.0808786350086,3.63176382762949,1.28735753736189,
202526,Local authority,England,East Midlands,Nottinghamshire,Primary,95.0397632940131,3.38363964989902,1.57659705608791,
202526,Local authority,England,West Midlands,Birmingham,Primary,94.1212981166896,3.8480612407453,2.03064064256507,
202526,Local authority,England,London,Barking and Dagenham,Primary,94.4861598025092,3.69946193788978,1.81437825960101,
202526,Local authority,England,London,Westminster,Primary,93.9452113263091,4.07317633275199,1.98161234093892,
202526,Local authority,England,London,Enfield,Primary,94.5224518776664,3.68978980806387,1.78775831426976,
202526,Local authority,England,London,Bromley,Primary,95.2268224795435,3.48706068425513,1.28611683620141,
202526,Local authority,England,Yorkshire and The Humber,Calderdale,Primary,94.9002275368099,3.63934631821277,1.46042614497739,
202526,Local authority,England,North East,Middlesbrough,Primary,94.58035091986,3.17634517597286,2.24330390416714,
202526,Local authority,England,West Midlands,Solihull,Primary,94.5275810390858,3.9268590321305,1.54555992878371,
202526,Local authority,England,South West,"Bristol, City of",Primary,94.2197624725298,3.98070719316015,1.79953033431009,
202526,Local authority,England,Yorkshire and The Humber,York,Primary,94.8142382129634,3.64775137798511,1.53801040905146,
202526,Local authority,England,South West,Plymouth,Primary,94.6862048574129,3.87862389705668,1.43517124553047,
202526,Local authority,England,North West,St. Helens,Primary,94.657791217259,3.52091444387282,1.82129433886813,
202526,Local authority,England,South East,Isle of Wight,Primary,93.8484230344291,4.58915923011667,1.56241773545424,
202526,Local authority,England,London,Haringey,Primary,94.5650586680154,3.64247488961711,1.79246644236745,
202526,Local authority,England,East Midlands,Rutland,Primary,95.5588339431134,3.74273837155933,0.698427685327249,
202526,Local authority,England,London,Merton,Primary,95.2195958498103,3.48960259131698,1.29080155887269,
202526,Local authority,England,North West,Blackpool,Primary,94.4379265466009,3.01484520465422,2.54722824874487,
202526,Local authority,England,South West,Dorset,Primary,94.3988604930195,4.04138100417757,1.55975850280292,
202526,Local authority,England,North West,Bolton,Primary,94.7416841707965,3.62711553819729,1.63120029100616,
202526,Local authority,England,South West,South Gloucestershire,Primary,94.8266723102716,3.69227021924933,1.48105747047904,
202526,Local authority,England,South East,Medway,Primary,94.3389715452303,3.96440314830729,1.69662530646242,
202526,Local authority,England,West Midlands,Staffordshire,Primary,95.1701151073977,3.62851098053881,1.20137391206348,
202526,Local authority,England,South West,North Somerset,Primary,95.0170600311429,3.69958163965213,1.283358329205,
202526,Local authority,England,Yorkshire and The Humber,Kirklees,Primary,94.8464508807053,3.62274452402471,1.53080459527003,
202526,Local authority,England,Yorkshire and The Humber,North Lincolnshire,Primary,94.6964572881234,3.42651978076525,1.87702293111137,
202526,Local authority,England,London,Islington,Primary,93.7904942743763,3.99283370650761,2.2166720191161,
202526,Local authority,England,North East,Newcastle upon Tyne,Primary,94.62419800149,3.36862532372361,2.00717667478642,
202526,Local authority,England,North East,Northumberland,Primary,94.6888693747102,3.4196908165213,1.89143980876848,
202526,Local authority,England,London,Ealing,Primary,94.7735609810236,3.75043802700635,1.47600099197001,
202526,Local authority,England,North East,South Tyneside,Primary,94.4452858242276,4.1731816418708,1.38153253390164,
202526,Local authority,England,North East,Gateshead,Primary,94.9916037914574,3.54030491400557,1.46809129453704,
202526,Local authority,England,East of England,Thurrock,Primary,94.8336104069249,3.34554087525611,1.82084871781903,
202526,Local authority,England,East Midlands,Leicester,Primary,94.6452523593637,3.4185150949627,1.93623254567363,
202526,Local authority,England,London,Lambeth,Primary,94.3846808507248,3.6313130116091,1.98400613766608,
202526,Local authority,England,South East,Brighton and Hove,Primary,94.1442019592916,4.48220724468319,1.37359079602516,
202526,Local authority,England,South East,Windsor and Maidenhead,Primary,95.0424358291907,3.83689103110149,1.12067313970778,
202526,Local authority,England,East of England,Bedford,Primary,94.9988415530172,3.73321442060195,1.26794402638085,
202526,Local authority,England,London,Harrow,Primary,95.3456886529524,3.6080704785489,1.0462408684987,
202526,Local authority,England,South West,Bath and North East Somerset,Primary,95.2575334882565,3.58678890265405,1.15567760908947,
202526,Local authority,England,West Midlands,Worcestershire,Primary,94.547619553504,3.9102841609659,1.54209628553008,
202526,Local authority,England,North East,County Durham,Primary,94.5451430553244,3.86047936051836,1.59437758415726,
202526,Local authority,England,Yorkshire and The Humber,East Riding of Yorkshire,Primary,95.1604138383392,3.43306751594577,1.40651864571507,
202526,Local authority,England,West Midlands,Telford and Wrekin,Primary,94.7852009763672,3.66521886820042,1.54958015543236,
202526,Local authority,England,East Midlands,Lincolnshire,Primary,94.9969539806059,3.70718406850186,1.29586195089224,
202526,Local authority,England,South East,East Sussex,Primary,94.0660800619329,4.2013980050244,1.73252193304273,
202526,Local authority,England,London,Camden,Primary,94.2353449686735,4.29138847740425,1.47326655392221,
202526,Local authority,England,London,Hillingdon,Primary,94.0253125521025,4.14658514968529,1.82810229821225,
202526,Local authority,England,East of England,Luton,Primary,94.8323566971606,3.7709378997918,1.39670540304761,
202526,Local authority,England,South East,West Sussex,Primary,94.6127372335274,4.11663871773569,1.27062404873688,
202526,Local authority,England,North West,Blackburn with Darwen,Primary,95.0784700145593,3.31690375913779,1.60462622630287,
202526,Local authority,England,Yorkshire and The Humber,Doncaster,Primary,94.6597830879813,3.3066108106039,2.03360610141484,
202526,Local authority,England,London,City of London,Primary,c,c,c,
202526,Local authority,England,East Midlands,Nottingham,Primary,93.9461015384737,3.29023175928342,2.76366670224288,
202526,Local authority,England,London,Hammersmith and Fulham,Primary,94.5697949322943,3.89164892358647,1.53855614411925,
202526,Local authority,England,West Midlands,Dudley,Primary,94.3423767316689,3.66867258547643,1.98895068285467,
202526,Local authority,England,South West,Torbay,Primary,94.4113641224209,4.14259472613451,1.44604115144453,
202526,Local authority,England,South East,Kent,Primary,94.395531548824,3.86266006712819,1.74180838404783,
202526,Local authority,England,North West,Trafford,Primary,95.8911088202728,3.09870941651414,1.01018176321303,
202526,Local authority,England,East of England,Cambridgeshire,Primary,94.7399364073789,4.14147738854939,1.11858620407173,
202526,Local authority,England,East of England,Suffolk,Primary,94.7572943923502,3.84298283977614,1.39972276787369,
202526,Local authority,England,South East,Surrey,Primary,95.0580240527729,3.81612407433282,1.12585187289432,
202526,Local authority,England,London,Waltham Forest,Primary,94.7845749023211,3.31344365586078,1.90198144181809,
202526,Local authority,England,South East,Reading,Primary,94.5604697287182,3.6532961813376,1.78623408994418,
202526,Regional,England,South West,,Primary,94.7317162247273,3.92613952347055,1.34214425180213,
202526,Regional,England,East Midlands,,Primary,94.8448454919463,3.62627860156146,1.5288759064922,
202526,Regional,England,North East,,Primary,94.6425578880341,3.57276443728159,1.78467767468431,
202526,Regional,England,South East,,Primary,94.7208186218702,3.91645739520704,1.36272398292273,
202526,Regional,England,Yorkshire and The Humber,,Primary,94.6204697835101,3.48230500525204,1.89722521123781,
202526,Regional,England,London,,Primary,94.6597281122259,3.69438994385876,1.64588194391538,
202526,Regional,England,North West,,Primary,94.779984585255,3.4827804398691,1.7372349748759,
202526,Regional,England,West Midlands,,Primary,94.5173946158376,3.75148220147188,1.73112318269052,
202526,Regional,England,East of England,,Primary,94.7022696674313,3.90282973396322,1.39490059860547,
202526,National,England,,,Primary,94.6935066368747,3.71888253027242,1.58761083285285,
202526,Local authority,England,North West,Halton,Secondary,89.5957172533868,4.89460371757159,5.50967902904161,
202526,Local authority,England,London,Croydon,Secondary,91.8604054360421,4.29976006347927,3.83983450047861,
202526,Local authority,England,North East,Newcastle upon Tyne,Secondary,90.23285515148,4.16835900759455,5.59878584092543,
202526,Local authority,England,West Midlands,Wolverhampton,Secondary,92.2031804511629,3.75914640312786,4.03767314570922,
202526,Local authority,England,London,Newham,Secondary,92.7587236434615,3.57271555345623,3.6685608030823,
202526,Local authority,England,London,Hounslow,Secondary,92.8376437437583,4.29446473025397,2.86789152598776,
202526,Local authority,England,South West,Devon,Secondary,89.8411336232533,6.67635040668618,3.48251597006048,
202526,Local authority,England,West Midlands,Solihull,Secondary,91.1666821350774,5.62333145892591,3.20998640599665,
202526,Local authority,England,East of England,Cambridgeshire,Secondary,91.3885162150444,6.28130135759294,2.33018242736268,
202526,Local authority,England,Yorkshire and The Humber,Kirklees,Secondary,92.1368197073801,4.80410589246111,3.05907440015883,
202526,Local authority,England,Yorkshire and The Humber,Bradford,Secondary,89.0573272314081,5.19824822295298,5.74442454563896,
202526,Local authority,England,North West,Blackburn with Darwen,Secondary,91.082940895258,4.95788015742306,3.9591789473189,
202526,Local authority,England,West Midlands,"Herefordshire, County of",Secondary,91.7173017748058,6.4614302452015,1.82126797999267,
202526,Local authority,England,South East,Bracknell Forest,Secondary,92.0331828521328,5.69816489923432,2.26865224863283,
202526,Local authority,England,South West,Wiltshire,Secondary,90.9132310408501,5.98752751919368,3.09924143995616,
202526,Local authority,England,South East,Oxfordshire,Secondary,90.6823288940319,6.26821823517249,3.04945287079565,
202526,Local authority,England,North West,Cumberland,Secondary,91.0319914424277,5.6266493369248,3.3413592206475,
202526,Local authority,England,North West,Cheshire East,Secondary,92.0315240783114,6.12869866635948,1.83977725532906,
202526,Local authority,England,East Midlands,North Northamptonshire,Secondary,90.945568508325,5.55987116458604,3.494560327089,
202526,Local authority,England,South East,Reading,Secondary,91.6104121810839,5.18287105444618,3.20671676446996,
202526,Local authority,England,North East,Stockton-on-Tees,Secondary,91.0423717074304,4.49506626898071,4.46256202358886,
202526,Local authority,England,South East,Hampshire,Secondary,91.3788280222265,6.12825709991665,2.49291487785682,
202526,Local authority,England,West Midlands,Worcestershire,Secondary,91.2344067782352,6.28521601716366,2.48037720460119,
202526,Local authority,England,South East,Portsmouth,Secondary,90.1296299094642,5.06948145731136,4.80088863322442,
202526,Local authority,England,North West,Blackpool,Secondary,91.9119335816263,3.39078988206083,4.69727653631285,
202526,Local authority,England,North East,North Tyneside,Secondary,91.6764494048125,4.98192603682847,3.34162455835899,
202526,Local authority,England,South East,Wokingham,Secondary,92.4376300224404,5.64287663423161,1.91949334332803,
202526,Local authority,England,South West,Isles of Scilly,Secondary,c,c,c,
202526,Local authority,England,London,Richmond upon Thames,Secondary,92.8951962303181,4.08441388372227,3.02038988595958,
202526,Local authority,England,West Midlands,Staffordshire,Secondary,92.2344264800885,5.32625736168489,2.43931615822658,
202526,Local authority,England,Yorkshire and The Humber,Calderdale,Secondary,91.965581370779,4.9280530549971,3.10636557422386,
202526,Local authority,England,West Midlands,Coventry,Secondary,90.6367993133335,5.22128770278966,4.14191298387683,
202526,Local authority,England,Yorkshire and The Humber,North Lincolnshire,Secondary,91.1537171174158,4.83647036925352,4.00981251333068,
202526,Local authority,England,Yorkshire and The Humber,Doncaster,Secondary,91.3481000923204,4.33456877870527,4.31733112897432,
202526,Local authority,England,East of England,Thurrock,Secondary,92.7310660513573,3.88638183254735,3.38255211609534,
202526,Local authority,England,Yorkshire and The Humber,Wakefield,Secondary,90.3192004811394,4.97011926575349,4.71068025310707,
202526,Local authority,England,South East,Isle of Wight,Secondary,89.8119522622178,7.98087070820376,2.20717702957841,
202526,Local authority,England,South East,Slough,Secondary,92.4856473250827,5.39641188084432,2.11794079407302,
202526,Local authority,England,South East,Milton Keynes,Secondary,91.7388574395113,5.52219765861752,2.73894490187121,
202526,Local authority,England,North West,Knowsley,Secondary,88.4080774289704,3.65900261585649,7.9329199551731,
202526,Local authority,England,London,Barking and Dagenham,Secondary,93.2676156177405,3.75837474391344,2.97400963834602,
202526,Local authority,England,Yorkshire and The Humber,Leeds,Secondary,91.0698856025653,4.113495008091,4.81661938934374,
202526,Local authority,England,North West,Liverpool,Secondary,89.9680496585669,4.13532040699882,5.89662993443429,
202526,Local authority,England,North West,Salford,Secondary,90.237517622087,4.62456601135663,5.13791636655638,
202526,Local authority,England,London,Redbridge,Secondary,93.2233631424171,4.48274921686047,2.29388764072245,
202526,Local authority,England,East Midlands,Nottinghamshire,Secondary,91.5347865034339,4.93566815539411,3.52954534117203,
202526,Local authority,England,South East,West Sussex,Secondary,91.2657808679039,6.02844387762953,2.70577525446659,
202526,Local authority,England,London,Southwark,Secondary,93.0163949001065,4.00304619527164,2.98055890462191,
202526,Local authority,England,South West,Cornwall,Secondary,90.4752610850893,6.12806601164055,3.39667290327018,
202526,Local authority,England,North West,Bolton,Secondary,91.567612463471,4.96504380843358,3.46734372809545,
202526,Local authority,England,London,Merton,Secondary,93.2759531058314,4.11451390179572,2.60953299237289,
202526,Local authority,England,South West,"Bournemouth, Christchurch and Poole",Secondary,91.9800733286647,5.33117254850977,2.68875412282551,
202526,Local authority,England,North West,Sefton,Secondary,89.6314167335328,5.28894181666226,5.07964144980497,
202526,Local authority,England,London,Kingston upon Thames,Secondary,93.3034089636894,4.51116303120457,2.18542800510601,
202526,Local authority,England,London,Lewisham,Secondary,93.1920359521165,3.36680067889505,3.44116336898848,
202526,Local authority,England,North East,Redcar and Cleveland,Secondary,89.927663782755,5.08043231722614,4.99190390001887,
202526,Local authority,England,North East,Hartlepool,Secondary,90.4128661748997,4.22558817174554,5.36154565335476,
202526,Local authority,England,Yorkshire and The Humber,North East Lincolnshire,Secondary,89.6441941281249,5.40123061976547,4.95457525210959,
202526,Local authority,England,South West,"Bristol, City of",Secondary,89.2595582895752,6.63444239067564,4.10599931974917,
202526,Local authority,England,South West,Bath and North East Somerset,Secondary,91.2929381037762,5.92494790586751,2.78211399035626,
202526,Local authority,England,London,Hammersmith and Fulham,Secondary,92.9021039777582,4.52714702018849,2.57074900205328,
202526,Local authority,England,West Midlands,Stoke-on-Trent,Secondary,90.6798893410034,4.8365690902079,4.48354156878871,
202526,Local authority,England,North West,Stockport,Secondary,91.2819723241257,5.51823659909702,3.19979107677731,
202526,Local authority,England,East of England,Suffolk,Secondary,90.5984526517267,5.94719420947658,3.45435313879674,
202526,Local authority,England,South West,Plymouth,Secondary,90.122321168295,6.20958596240467,3.66809286930028,
202526,Local authority,England,South East,Southampton,Secondary,89.4058932855786,5.71246929499856,4.88163741942286,
202526,Local authority,England,London,Kensington and Chelsea,Secondary,91.7872236554849,4.10447313256476,4.10830321195031,
202526,Local authority,England,London,Ealing,Secondary,92.5136689521232,4.62530215068513,2.86102889719166,
202526,Local authority,England,West Midlands,Shropshire,Secondary,90.9540394221637,6.22796584375867,2.81799473407766,
202526,Local authority,England,North East,Middlesbrough,Secondary,89.7845028011429,4.23564233878597,5.97985486007113,
202526,Local authority,England,West Midlands,Telford and Wrekin,Secondary,91.9769422163279,4.85090879581276,3.17214898785933,
202526,Local authority,England,London,Bromley,Secondary,92.7047103583004,4.8451013536843,2.45018828801525,
202526,Local authority,England,South West,Somerset,Secondary,90.14843169015,6.47583853586197,3.375729773988,
202526,Local authority,England,London,Waltham Forest,Secondary,92.308858767321,3.99415637815679,3.69698485452218,
202526,Local authority,England,South East,East Sussex,Secondary,90.6011185162128,5.78107764633906,3.61780383744809,
202526,Local authority,England,North West,Lancashire,Secondary,91.4723873694118,5.72698274496252,2.80062988562571,
202526,Local authority,England,London,Barnet,Secondary,93.2933751283332,4.48267405659901,2.22395081506781,
202526,Local authority,England,Yorkshire and The Humber,North Yorkshire,Secondary,91.0325715676423,6.18005663073459,2.78737180162306,
202526,Local authority,England,West Midlands,Dudley,Secondary,91.1940496064981,4.95115754399146,3.85479284951043,
202526,Local authority,England,East of England,Essex,Secondary,91.2017924934432,5.20128307297799,3.59692443357884,
202526,Local authority,England,South West,Dorset,Secondary,91.0501249275158,6.01106151428447,2.93881355819971,
202526,Local authority,England,London,Hillingdon,Secondary,91.7380201457701,5.3894736908506,2.87250616337935,
202526,Local authority,England,Yorkshire and The Humber,Sheffield,Secondary,90.2271258137997,4.54375020997143,5.22912397622885,
202526,Local authority,England,London,Greenwich,Secondary,92.4183159213574,3.74105941508731,3.84062466355527,
202526,Local authority,England,East Midlands,Derbyshire,Secondary,91.4262871961918,5.43319053414651,3.14052226966172,
202526,Local authority,England,London,Hackney,Secondary,92.0602496256561,4.3641035308227,3.57564684352116,
202526,Local authority,England,North West,St. Helens,Secondary,90.6543242640855,4.84613898150849,4.49953675440601,
202526,Local authority,England,East Midlands,Nottingham,Secondary,91.064687178427,3.87158833720828,5.06372448436471,
202526,Local authority,England,East Midlands,Leicester,Secondary,92.1492737468087,4.21228597758768,3.63844027560365,
202526,Local authority,England,South East,West Berkshire,Secondary,91.2607323338268,6.25308293674123,2.48618472943198,
202526,Local authority,England,London,Haringey,Secondary,92.4572647185624,4.73482227517055,2.80791300626709,
202526,Local authority,England,West Midlands,Birmingham,Secondary,91.8647909805954,4.61887943669746,3.51632958270709,
202526,Local authority,England,North West,Warrington,Secondary,92.1051516590398,4.92037965634735,2.97446868461286,
202526,Local authority,England,North West,Trafford,Secondary,93.4384237450951,5.08935004443695,1.47222621046798,
202526,Local authority,England,London,Sutton,Secondary,93.4593181004624,4.56192163912411,1.9787602604135,
202526,Local authority,England,North West,Cheshire West and Chester,Secondary,90.5061816865403,6.11728068106118,3.37653763239848,
202526,Local authority,England,South West,South Gloucestershire,Secondary,90.8334560205503,6.19529496296265,2.97124901648703,
202526,Local authority,England,North West,Wigan,Secondary,91.4144970569854,5.2859647023251,3.29953824068951,
202526,Local authority,England,North East,Northumberland,Secondary,90.997626843793,5.55068141670802,3.451691739499,
202526,Local authority,England,South West,North Somerset,Secondary,90.501828082779,6.45160403438326,3.04656788283774,
202526,Local authority,England,East Midlands,Lincolnshire,Secondary,91.5343144053796,5.92148404366233,2.5442015509581,
202526,Local authority,England,North West,Rochdale,Secondary,90.8933118772464,4.1677758121757,4.93891231057784,
202526,Local authority,England,London,Bexley,Secondary,92.8451648450535,4.78285947787142,2.37197567707511,
202526,Local authority,England,East Midlands,West Northamptonshire,Secondary,91.7067155775432,5.2521460326294,3.04113838982737,
202526,Local authority,England,South East,Surrey,Secondary,92.4485738512502,5.27245162160674,2.2789745271431,
202526,Local authority,England,North East,Gateshead,Secondary,90.7355348425496,4.83925988069837,4.42520527675204,
202526,Local authority,England,North East,Sunderland,Secondary,90.1947638000689,4.41455612273929,5.39068007719185,
202526,Local authority,England,North West,Tameside,Secondary,90.8763179043637,4.04964582746152,5.07403626817477,
202526,Local authority,England,North West,Bury,Secondary,91.118722797978,5.13293428276741,3.74834291925456,
202526,Local authority,England,West Midlands,Walsall,Secondary,90.6260277074288,4.17389639137544,5.20007590119573,
202526,Local authority,England,North East,South Tyneside,Secondary,90.0142875680307,6.80557853665369,3.18013389531559,
202526,Local authority,England,North West,Manchester,Secondary,92.1891855031217,3.63587810547782,4.17493639140043,
202526,Local authority,England,South East,Windsor and Maidenhead,Secondary,92.0582901032341,5.67070467460834,2.27100522215761,
202526,Local authority,England,South East,Medway,Secondary,92.3067369663866,4.78489219793549,2.90837083567793,
202526,Local authority,England,East of England,Peterborough,Secondary,91.6108966639238,5.43571907020453,2.95338426587168,
202526,Local authority,England,West Midlands,Warwickshire,Secondary,90.6612098375204,6.21892005292594,3.11987010955369,
202526,Local authority,England,East Midlands,Derby,Secondary,90.8995002381511,5.53390473798245,3.56659502386645,
202526,Local authority,England,Yorkshire and The Humber,Barnsley,Secondary,89.5835509015924,5.5206994702278,4.89574962817975,
202526,Local authority,England,London,Wandsworth,Secondary,92.8666942437107,4.44778179800108,2.68552395828826,
202526,Local authority,England,London,Tower Hamlets,Secondary,93.3316494911972,3.83836290266413,2.8299876061387,
202526,Local authority,England,East Midlands,Rutland,Secondary,92.2756003278899,5.22212935579272,2.50227031631735,
202526,Local authority,England,London,Islington,Secondary,91.1965044163703,3.69544526078261,5.10805032284708,
202526,Local authority,England,East Midlands,Leicestershire,Secondary,91.5513855549926,5.81150346412621,2.63711098088123,
202526,Local authority,England,East of England,Southend-on-Sea,Secondary,92.1176138263693,5.12997389525632,2.75241227837443,
202526,Local authority,England,East of England,Bedford,Secondary,91.440416777988,5.65381368013592,2.90576954187605,
202526,Local authority,England,East of England,Hertfordshire,Secondary,91.9900609729153,5.80673991669024,2.20319911039444,
202526,Local authority,England,London,Lambeth,Secondary,92.3961695231829,4.40161282731438,3.20221764950272,
202526,Local authority,England,South East,Brighton and Hove,Secondary,89.3484134687775,6.96627471723357,3.68531181398894,
202526,Local authority,England,East of England,Central Bedfordshire,Secondary,92.1477464221353,5.67523980425392,2.17701377361079,
202526,Local authority,England,East of England,Norfolk,Secondary,90.7551018456743,6.13649605970118,3.10840209462454,
202526,Local authority,England,South West,Gloucestershire,Secondary,91.335616574962,6.4211264470702,2.24325697796776,
202526,Local authority,England,London,Camden,Secondary,89.922995307887,6.27145883857022,3.80554585354281,
202526,Local authority,England,North East,County Durham,Secondary,91.4221437973581,5.18015256890437,3.3977036337375,
202526,Local authority,England,South West,Swindon,Secondary,91.540954918848,5.32522443584858,3.13382064530341,
202526,Local authority,England,London,Havering,Secondary,92.920435162756,4.69939226281766,2.3801725744263,
202526,Local authority,England,London,Brent,Secondary,93.0533707368055,4.32244302605579,2.6241862371387,
202526,Local authority,England,North West,Westmorland and Furness,Secondary,91.344171737864,6.31720278872413,2.33862547341189,
202526,Local authority,England,Yorkshire and The Humber,East Riding of Yorkshire,Secondary,91.6620305445469,5.3993667865856,2.93860266886751,
202526,Local authority,England,London,Westminster,Secondary,92.5716430185485,4.3151095106157,3.11324747083576,
202526,Local authority,England,Yorkshire and The Humber,"Kingston upon Hull, City of",Secondary,90.8940375898119,3.9803930884503,5.12556932173778,
202526,Local authority,England,West Midlands,Sandwell,Secondary,91.8187354572327,4.11113384952409,4.07013069324323,
202526,Local authority,England,North East,Darlington,Secondary,91.236023481133,5.04542997399083,3.71854654487621,
202526,Local authority,England,Yorkshire and The Humber,York,Secondary,90.1393876132852,5.3685746933269,4.49203769338796,
202526,Local authority,England,North West,Wirral,Secondary,90.6821743819668,5.36782515889785,3.95000045913533,
202526,Local authority,England,North West,Oldham,Secondary,91.6332531194181,3.9121619105465,4.45458497003535,
202526,Local authority,England,London,Enfield,Secondary,92.6246011819332,4.1889283099426,3.18647050812419,
202526,Local authority,England,London,Harrow,Secondary,92.8826524344004,5.1087119533582,2.00863561224135,
202526,Local authority,England,South West,Torbay,Secondary,90.5917383014365,6.42460321334771,2.98365848521578,
202526,Local authority,England,South East,Kent,Secondary,91.6444642034706,5.2932952303593,3.06224056617013,
202526,Local authority,England,South East,Buckinghamshire,Secondary,91.8377658500061,6.3476771614396,1.81455698855429,
202526,Local authority,England,East of England,Luton,Secondary,92.3730068191487,4.65826271102493,2.96873046982641,
202526,Local authority,England,Yorkshire and The Humber,Rotherham,Secondary,90.6240017986252,4.14304189254769,5.23295630882706,
202526,Regional,England,North West,,Secondary,91.215208033771,5.00942860066929,3.77536336555971,
202526,Regional,England,North East,,Secondary,90.7433032553214,4.93582061867731,4.32087612600132,
202526,Regional,England,Yorkshire and The Humber,,Secondary,90.732492040677,4.86221097980206,4.40529697952098,
202526,Regional,England,South West,,Secondary,90.6550680544233,6.20744957357341,3.13748237200333,
202526,Regional,England,East of England,,Secondary,91.4738648551724,5.60929147705178,2.91684366777587,
202526,Regional,England,West Midlands,,Secondary,91.4632969467683,5.15590712050809,3.38079593272361,
202526,Regional,England,South East,,Secondary,91.465139239661,5.74820827970568,2.78665248063333,
202526,Regional,England,East Midlands,,Secondary,91.4998845995085,5.270142769477,3.22997263101449,
202526,Regional,England,London,,Secondary,92.7129729673067,4.35658010246081,2.93044693023255,
202526,National,England,,,Secondary,91.4308452590192,5.23616995426666,3.33298478671412,
202526,Local authority,England,South West,Swindon,Special,88.0003347840643,7.96049548041513,4.03916973552059,
202526,Local authority,England,North East,South Tyneside,Special,89.4492493838225,8.02868025991486,2.5220703562626,
202526,Local authority,England,South East,Kent,Special,84.8281346303033,11.327083742444,3.8447816272527,
202526,Local authority,England,East Midlands,Leicester,Special,80.8455873647321,14.0205062631716,5.13390637209633,
202526,Local authority,England,London,Greenwich,Special,87.1951601453209,11.038961038961,1.76587881571804,
202526,Local authority,England,London,Hackney,Special,89.7647678570267,8.20353401013248,2.0316981328408,
202526,Local authority,England,East Midlands,Derby,Special,84.7866464339909,11.0719271623672,4.14142640364188,
202526,Local authority,England,Yorkshire and The Humber,Calderdale,Special,89.4167959277303,9.30952745068053,1.27367662158915,
202526,Local authority,England,South West,Somerset,Special,81.5964144389139,14.7394194457125,3.66416611537363,
202526,Local authority,England,North East,County Durham,Special,86.8637752501063,8.63788238426595,4.49834236562771,
202526,Local authority,England,Yorkshire and The Humber,Bradford,Special,85.7182575519274,9.32715040943268,4.95459203863989,
202526,Local authority,England,East Midlands,Derbyshire,Special,89.4979027039392,7.89559930757336,2.60649798848742,
202526,Local authority,England,North West,Bury,Special,84.8972838968327,12.5141976941389,2.58851840902844,
202526,Local authority,England,North East,Redcar and Cleveland,Special,87.311650293637,9.24253036643259,3.44581933993044,
202526,Local authority,England,East of England,Hertfordshire,Special,86.8794163262474,10.1981596181176,2.92242405563501,
202526,Local authority,England,North West,Stockport,Special,86.3207436788468,10.5002515590813,3.17900476207191,
202526,Local authority,England,London,Richmond upon Thames,Special,89.9444251476207,7.64675234456409,2.40882250781521,
202526,Local authority,England,London,Hounslow,Special,89.4589188767956,7.65871366599995,2.88236745720446,
202526,Local authority,England,West Midlands,Staffordshire,Special,89.6893065174196,7.73071897517374,2.57997450740666,
202526,Local authority,England,North West,Cheshire West and Chester,Special,88.5341036784664,8.48089444869183,2.98500187284174,
202526,Local authority,England,West Midlands,Walsall,Special,88.6579093862426,7.48993965175824,3.85215096199916,
202526,Local authority,England,East of England,Thurrock,Special,89.0934912966425,9.31574858585613,1.5907601175014,
202526,Local authority,England,London,Bexley,Special,86.0156745911496,10.2372879193368,3.74703748951359,
202526,Local authority,England,North West,Lancashire,Special,88.484936047935,8.80688362610416,2.70818032596089,
202526,Local authority,England,North East,Northumberland,Special,83.9582780201024,12.5497819078324,3.49194007206524,
202526,Local authority,England,North West,Knowsley,Special,84.1559492910258,8.68003104631075,7.16401966266347,
202526,Local authority,England,South West,Plymouth,Special,86.6890057844587,9.10836968119957,4.20262453434171,
202526,Local authority,England,West Midlands,Worcestershire,Special,86.9694280874405,10.4184704184704,2.61210149408907,
202526,Local authority,England,East of England,Luton,Special,87.0239376697934,10.8600517709775,2.11601055922907,
202526,Local authority,England,London,Camden,Special,84.7868160792738,11.7797905901024,3.43339333062378,
202526,Local authority,England,London,Southwark,Special,86.0541273679608,9.23538177372868,4.71049085831051,
202526,Local authority,England,South East,Slough,Special,88.2559254265294,9.40352135180004,2.34055322167058,
202526,Local authority,England,Yorkshire and The Humber,North Yorkshire,Special,84.5112558189119,10.2606072989588,5.22813688212928,
202526,Local authority,England,East of England,Southend-on-Sea,Special,88.1441393143354,8.50148354238494,3.35437714327969,
202526,Local authority,England,East Midlands,North Northamptonshire,Special,88.3769667120656,8.66820747751838,2.95482581041606,
202526,Local authority,England,Yorkshire and The Humber,Wakefield,Special,84.5027000587936,11.0729584047667,4.42434153643968,
202526,Local authority,England,West Midlands,Stoke-on-Trent,Special,85.7018339753983,9.20557480923978,5.09259121536196,
202526,Local authority,England,London,Westminster,Special,88.6737559175646,8.12188916033939,3.20435492209596,
202526,Local authority,England,Yorkshire and The Humber,"Kingston upon Hull, City of",Special,89.3067376276455,6.9454524128932,3.74780995946134,
202526,Local authority,England,West Midlands,Solihull,Special,84.2248025661708,11.3215404528316,4.45365698099758,
202526,Local authority,England,South West,Devon,Special,87.0109258306692,9.39048450003581,3.59858966929503,
202526,Local authority,England,South East,Milton Keynes,Special,85.4773276465801,11.6387060953835,2.88396625803643,
202526,Local authority,England,West Midlands,Warwickshire,Special,86.9129270611226,9.55242138591063,3.53465155296675,
202526,Local authority,England,East of England,Cambridgeshire,Special,87.0322827779,9.83821935336642,3.12949786873355,
202526,Local authority,England,London,Hillingdon,Special,87.7708059247092,8.22376422523939,4.00542985005139,
202526,Local authority,England,South East,Reading,Special,83.1410050112638,11.9496421620462,4.90935282668996,
202526,Local authority,England,London,Enfield,Special,86.9518487286864,9.51362785313076,3.53452341818286,
202526,Local authority,England,South West,"Bristol, City of",Special,84.8375054896794,9.90171087051995,5.26078363980065,
202526,Local authority,England,South West,"Bournemouth, Christchurch and Poole",Special,88.0707333478407,8.97693327266613,2.95233337949317,
202526,Local authority,England,East Midlands,Nottingham,Special,87.1780965710287,8.19760321903429,4.62430020993702,
202526,Local authority,England,North West,Sefton,Special,87.1695605500366,9.37004788113211,3.46039156883126,
202526,Local authority,England,Yorkshire and The Humber,Doncaster,Special,88.8642627700025,7.98322145400653,3.15251577599099,
202526,Local authority,England,Yorkshire and The Humber,Sheffield,Special,81.0710475572018,13.3802256929489,5.54872674984925,
202526,Local authority,England,East Midlands,West Northamptonshire,Special,87.1459801538589,9.84433152543368,3.00968832070738,
202526,Local authority,England,South East,East Sussex,Special,84.823466945381,10.2677098355686,4.90882321905039,
202526,Local authority,England,North East,Newcastle upon Tyne,Special,81.9877789481625,8.47790068369716,9.53432036814033,
202526,Local authority,England,West Midlands,Sandwell,Special,86.0975266456835,9.27859750418515,4.62387585013132,
202526,Local authority,England,West Midlands,Birmingham,Special,84.7199766792549,10.6395635388309,4.64045978191418,
202526,Local authority,England,South East,Medway,Special,86.6462144495191,9.20930695753445,4.14447859294647,
202526,Local authority,England,North West,Liverpool,Special,86.2267985441902,8.06039177847419,5.71280967733559,
202526,Local authority,England,West Midlands,Dudley,Special,89.5843361857778,7.64426511483874,2.77139869938342,
202526,Local authority,England,South East,West Sussex,Special,87.8666347420089,10.4400282001144,1.69333705787674,
202526,Local authority,England,East of England,Bedford,Special,90.6586918433815,7.4558006953255,1.885507461293,
202526,Local authority,England,North West,Trafford,Special,89.1081928964419,7.69158009238094,3.20022701117715,
202526,Local authority,England,South East,Southampton,Special,88.0257121092486,8.14390711361399,3.83038077713737,
202526,Local authority,England,East Midlands,Lincolnshire,Special,85.3525176863338,11.5632613053437,3.08422100832252,
202526,Local authority,England,London,Haringey,Special,88.2550769122351,9.21185023940866,2.53307284835624,
202526,Local authority,England,East Midlands,Leicestershire,Special,89.7318746613158,7.96948769310409,2.2986376455801,
202526,Local authority,England,London,Waltham Forest,Special,84.0107493801915,10.3191335348088,5.67011708499973,
202526,Local authority,England,South East,Bracknell Forest,Special,89.4653781075101,7.99492385786802,2.53969803462189,
202526,Local authority,England,London,Redbridge,Special,86.869764690837,8.41845706247202,4.71177824669096,
202526,Local authority,England,London,Croydon,Special,88.2126876399083,8.50568724920939,3.28162511088232,
202526,Local authority,England,North West,Manchester,Special,83.8127395783421,10.8391730554225,5.34808736623543,
202526,Local authority,England,North West,Oldham,Special,83.9396179859829,10.9540288216714,5.10635319234572,
202526,Local authority,England,North East,Middlesbrough,Special,88.6038520278296,7.76514508739182,3.63100288477855,
202526,Local authority,England,South East,Hampshire,Special,86.5277705963101,10.7829041410288,2.68932526266102,
202526,Local authority,England,South East,Surrey,Special,87.6529426413215,9.13264713206607,3.21441022661243,
202526,Local authority,England,London,Barnet,Special,86.0383436001492,11.4848818482088,2.47677455164193,
202526,Local authority,England,London,Merton,Special,85.8134572269793,9.52972637151887,4.65681640150185,
202526,Local authority,England,South West,Dorset,Special,88.1438293033489,9.30186567032408,2.55430502632703,
202526,Local authority,England,North West,Westmorland and Furness,Special,87.3291203330395,9.91992799144898,2.75095167551147,
202526,Local authority,England,North West,Warrington,Special,86.2237214625625,9.15547256189386,4.62080597554364,
202526,Local authority,England,South West,Wiltshire,Special,89.0298620936712,9.0836226247819,1.88651528154694,
202526,Local authority,England,London,Lewisham,Special,89.1579318892564,8.02217826333199,2.81988984741158,
202526,Local authority,England,South West,Torbay,Special,84.6832880007503,11.7129095794277,3.60380241982202,
202526,Local authority,England,West Midlands,Telford and Wrekin,Special,89.8227902868165,7.53799282507977,2.63921688810369,
202526,Local authority,England,East of England,Central Bedfordshire,Special,87.0910146451535,10.1997597479179,2.70922560692861,
202526,Local authority,England,London,Harrow,Special,87.7554463862732,10.91224130882,1.33231230490678,
202526,Local authority,England,London,Lambeth,Special,88.8317746218681,8.2863410691606,2.88188430897125,
202526,Local authority,England,South East,Buckinghamshire,Special,86.681747686671,10.4142307465452,2.90402156678382,
202526,Local authority,England,North East,Darlington,Special,90.4647263379721,5.4190888153817,4.11618484664618,
202526,Local authority,England,Yorkshire and The Humber,Rotherham,Special,86.3223039482633,8.68579201246947,4.99190403926722,
202526,Local authority,England,London,Hammersmith and Fulham,Special,85.8640193015069,10.6024799272238,3.53350077126923,
202526,Local authority,England,North East,Sunderland,Special,86.5316473592592,6.36540630973735,7.10294633100348,
202526,Local authority,England,North West,Blackpool,Special,89.2024682969866,6.79947875733314,3.99805294568023,
202526,Local authority,England,North West,Cumberland,Special,89.8788137918712,7.95655420195149,2.16463200617737,
202526,Local authority,England,Yorkshire and The Humber,Kirklees,Special,87.9593502067462,9.31386330752721,2.72678648572663,
202526,Local authority,England,South East,Portsmouth,Special,76.443679375522,16.2872189934041,7.26910163107392,
202526,Local authority,England,Yorkshire and The Humber,Barnsley,Special,83.9171449304044,4.82954753685013,11.2533075327455,
202526,Local authority,England,Yorkshire and The Humber,Leeds,Special,85.7673772288985,8.05877422474936,6.1738485463521,
202526,Local authority,England,North West,Salford,Special,85.0003836499359,9.98394150982692,5.0156748402372,
202526,Local authority,England,London,Ealing,Special,89.5766316334979,8.01296838166984,2.4103999848323,
202526,Local authority,England,South East,Wokingham,Special,89.613936625413,7.38067059031441,3.00539278427256,
202526,Local authority,England,North West,Halton,Special,86.7918517703344,9.30316071149313,3.9049875181725,
202526,Local authority,England,East of England,Peterborough,Special,88.3282592572864,8.21344718931699,3.45829355339663,
202526,Local authority,England,North East,Gateshead,Special,89.1671965282772,8.54797071689407,2.28483275482869,
202526,Local authority,England,South West,South Gloucestershire,Special,88.0712776236086,9.56971362772045,2.35900874867093,
202526,Local authority,England,West Midlands,"Herefordshire, County of",Special,88.0184438933664,9.47458152510849,2.50697458152511,
202526,Local authority,England,North West,Tameside,Special,87.6051366895139,9.57756243598834,2.81730087449775,
202526,Local authority,England,South West,North Somerset,Special,87.6302432798344,9.44550806062016,2.92424865954541,
202526,Local authority,England,South West,Cornwall,Special,88.5412665898519,10.3246489992745,1.13408441087355,
202526,Local authority,England,North West,St. Helens,Special,87.1043589527082,7.25322975597399,5.64241129131782,
202526,Local authority,England,North West,Bolton,Special,88.3560921733019,8.99919674682464,2.64471107987349,
202526,Local authority,England,East Midlands,Nottinghamshire,Special,88.8130791105701,8.31925454106635,2.86766634836354,
202526,Local authority,England,South East,Oxfordshire,Special,88.119955838176,8.94961615158803,2.93042801023596,
202526,Local authority,England,South East,Brighton and Hove,Special,87.5717520347592,10.633376170369,1.79487179487179,
202526,Local authority,England,West Midlands,Wolverhampton,Special,88.4790868324501,8.36722380758255,3.15368935996739,
202526,Local authority,England,North West,Wigan,Special,88.5983882296403,7.95226300937735,3.44934876098234,
202526,Local authority,England,London,Kingston upon Thames,Special,87.5240274599542,9.72836182527931,2.74761071476646,
202526,Local authority,England,London,Havering,Special,85.9812141884966,10.8152840555845,3.20350175591888,
202526,Local authority,England,Yorkshire and The Humber,East Riding of Yorkshire,Special,90.5491553022593,7.69061673112151,1.76022796661917,
202526,Local authority,England,West Midlands,Shropshire,Special,84.9225192376995,11.4996926207788,3.57778814152163,
202526,Local authority,England,South West,Gloucestershire,Special,87.5529681698254,10.0960724996886,2.35095933048605,
202526,Local authority,England,North West,Cheshire East,Special,86.0465210717389,10.6398271703201,3.31365175794099,
202526,Local authority,England,North West,Wirral,Special,87.2810151021863,8.57671204195176,4.14227285586195,
202526,Local authority,England,South East,West Berkshire,Special,88.7320714340305,8.40954831477849,2.85838025119099,
202526,Local authority,England,South East,Isle of Wight,Special,84.1277966173993,11.3243898450885,4.54781353751217,
202526,Local authority,England,London,Wandsworth,Special,85.0671610014581,9.89544130992985,5.03739768861209,
202526,Local authority,England,London,Bromley,Special,86.1227129717938,9.54787457566423,4.329412452542,
202526,Local authority,England,South East,Windsor and Maidenhead,Special,88.4754651017605,8.55941827348994,2.96511662474954,
202526,Local authority,England,West Midlands,Coventry,Special,87.9413323572822,8.98767180915666,3.0709958335611,
202526,Local authority,England,London,Sutton,Special,85.8041565249953,10.0107657741996,4.18507770080509,
202526,Local authority,England,London,Islington,Special,85.9364800684269,8.91293582731222,5.15058410426092,
202526,Local authority,England,North East,North Tyneside,Special,87.8243644549623,8.19773171479329,3.97790383024446,
202526,Local authority,England,South West,Bath and North East Somerset,Special,86.8112167051746,9.7268843454379,3.46189894938751,
202526,Local authority,England,East of England,Essex,Special,87.9387083764571,9.41628644869122,2.64500517485168,
202526,Local authority,England,North West,Rochdale,Special,84.5240219874357,9.2482866933181,6.22769131924615,
202526,Local authority,England,North East,Stockton-on-Tees,Special,87.3607690872096,6.39130771226598,6.24792320052438,
202526,Local authority,England,East of England,Norfolk,Special,88.4836999886014,8.86868802006155,2.64761199133706,
202526,Local authority,England,East of England,Suffolk,Special,86.8561079517065,9.72773772790377,3.41615432038977,
202526,Local authority,England,London,Tower Hamlets,Special,85.4024601941909,10.8611510253578,3.73638878045134,
202526,Local authority,England,London,Brent,Special,90.2178205141887,7.45883181609588,2.32334766971537,
202526,Local authority,England,North East,Hartlepool,Special,88.3718158796365,8.58433884502706,3.04384527533641,
202526,Local authority,England,Yorkshire and The Humber,North Lincolnshire,Special,91.1130457006853,7.42376563423478,1.46318866507995,
202526,Local authority,England,London,Barking and Dagenham,Special,84.0572866741903,11.6778498137191,4.26486351209055,
202526,Regional,England,South East,,Special,86.196397451678,10.4091926765505,3.39440987177142,
202526,Regional,England,West Midlands,,Special,87.0757110811804,9.30950668495071,3.61478223386887,
202526,Regional,England,East Midlands,,Special,86.9222832942539,9.83624171285354,3.24147499289259,
202526,Regional,England,Yorkshire and The Humber,,Special,86.178871013459,9.22051570526801,4.60061328127301,
202526,Regional,England,North East,,Special,86.7276166726714,8.57716240474716,4.69522092258145,
202526,Regional,England,North West,,Special,86.745597832865,9.2263138569415,4.02808831019349,
202526,Regional,England,East of England,,Special,87.6458622953725,9.54218379255859,2.81195391206888,
202526,Regional,England,London,,Special,87.1445993021415,9.36356797156966,3.49183272628888,
202526,Regional,England,South West,,Special,86.8153810657663,9.97486563489634,3.20975329933734,
202526,National,England,,,Special,86.8063860143021,9.55837307206953,3.63524091362834,
202526,Local authority,England,London,Newham,Special,80.2384315739908,14.4856812636445,5.27588716236462,
202526,Local authority,England,London,Kensington and Chelsea,Special,91.3072672588655,5.83479051549276,2.85794222564174,
202526,Local authority,England,Yorkshire and The Humber,York,Special,89.8416565164434,8.41743518357404,1.7409082999826,
202526,Local authority,England,North West,Blackburn with Darwen,Special,85.661173182567,10.2773664609014,4.06146035653161,
202526,Local authority,England,Yorkshire and The Humber,North East Lincolnshire,Special,91.9359157855857,6.96523385197839,1.09885036243594,
202526,Local authority,England,North East,Hartlepool,Total,92.6845099727945,3.91874172608586,3.39674830111963,
202526,Local authority,England,North East,Middlesbrough,Total,92.4311291301475,3.75225754187427,3.81661332797823,
202526,Local authority,England,North East,Redcar and Cleveland,Total,92.1642235271075,4.30581745004589,3.52995902284659,
202526,Local authority,England,North East,Stockton-on-Tees,Total,93.0010604121602,3.92442320440408,3.07451638343576,
202526,Local authority,England,North East,Darlington,Total,92.7362911736173,4.60110516055848,2.66260366582426,
202526,Local authority,England,North East,County Durham,Total,92.9665894315472,4.57158142118069,2.46182914727206,
202526,Local authority,England,North East,Northumberland,Total,92.3976503914947,4.86037007675059,2.74197953175468,
202526,Local authority,England,North East,Newcastle upon Tyne,Total,92.2334384086153,3.88438429805695,3.8821772933278,
202526,Local authority,England,North East,North Tyneside,Total,93.0899376434161,4.32369759535894,2.58636476122499,
202526,Local authority,England,North East,South Tyneside,Total,92.300086695506,5.47791069796843,2.22200260652555,
202526,Local authority,England,North East,Sunderland,Total,92.4799801122997,4.00728432344639,3.51273556425391,
202526,Local authority,England,North East,Gateshead,Total,92.9164171413288,4.28213485710658,2.8014480015646,
202526,Local authority,England,North West,Halton,Total,91.9027472063487,4.42694519830091,3.67030759535041,
202526,Local authority,England,North West,Warrington,Total,93.8656580407067,4.02334467531329,2.11099728397997,
202526,Local authority,England,North West,Blackburn with Darwen,Total,93.1512901140275,4.16389617622286,2.68481370974968,
202526,Local authority,England,North West,Blackpool,Total,93.1941248233485,3.29769277583317,3.50818240081835,
202526,Local authority,England,North West,Cheshire East,Total,93.7687218889649,4.80363882868171,1.42763928235338,
202526,Local authority,England,North West,Cheshire West and Chester,Total,92.8716056608576,4.84267093599663,2.2857234031458,
202526,Local authority,England,North West,Cumberland,Total,93.2092960109204,4.60659621042988,2.18410777864971,
202526,Local authority,England,North West,Westmorland and Furness,Total,93.3479577375782,4.89711375303536,1.75492850938642,
202526,Local authority,England,North West,Bolton,Total,93.1541792450791,4.3600327041709,2.48578805074998,
202526,Local authority,England,North West,Bury,Total,93.0122157249551,4.51465811986553,2.47312615517933,
202526,Local authority,England,North West,Manchester,Total,93.0870234715951,3.78658595845543,3.12639056994947,
202526,Local authority,England,North West,Oldham,Total,92.9679920684291,3.80275895786836,3.22924897370254,
202526,Local authority,England,North West,Rochdale,Total,92.8104493185923,3.74075812379116,3.44879255761652,
202526,Local authority,England,North West,Salford,Total,92.3713969893272,4.17130647994348,3.4572965307293,
202526,Local authority,England,North West,Stockport,Total,93.3217753079546,4.52403971442472,2.15418497762069,
202526,Local authority,England,North West,Tameside,Total,92.927072557372,3.7235668120686,3.34936063055937,
202526,Local authority,England,North West,Trafford,Total,94.5557963648164,4.15996593702316,1.28423769816043,
202526,Local authority,England,North West,Wigan,Total,93.1405567974406,4.47761368553513,2.38182951702426,
202526,Local authority,England,North West,Knowsley,Total,91.3852383185656,3.70206862141434,4.91269306002004,
202526,Local authority,England,North West,Liverpool,Total,92.1044043036496,3.64686064512519,4.24873505122517,
202526,Local authority,England,North West,St. Helens,Total,92.7657661379731,4.17039581491169,3.06383804711525,
202526,Local authority,England,North West,Sefton,Total,92.220883406792,4.49524083636396,3.28387575684402,
202526,Local authority,England,North West,Wirral,Total,92.4371026802333,4.72014288490696,2.84275443485978,
202526,Local authority,England,North West,Lancashire,Total,93.2203037858459,4.70699523153565,2.07270098261846,
202526,Local authority,England,Yorkshire and The Humber,"Kingston upon Hull, City of",Total,92.9051479840135,3.67921695543674,3.41563506054976,
202526,Local authority,England,Yorkshire and The Humber,East Riding of Yorkshire,Total,93.5089569093628,4.37607409974412,2.11496899089309,
202526,Local authority,England,Yorkshire and The Humber,North East Lincolnshire,Total,92.5084726369476,4.1971253233008,3.29440203975159,
202526,Local authority,England,Yorkshire and The Humber,North Lincolnshire,Total,92.9955863328015,4.14564537967857,2.85876828751994,
202526,Local authority,England,Yorkshire and The Humber,York,Total,92.5952373431913,4.50959593556623,2.89516672124241,
202526,Local authority,England,Yorkshire and The Humber,North Yorkshire,Total,93.0397360859261,4.91615769634948,2.0441062177244,
202526,Local authority,England,Yorkshire and The Humber,Barnsley,Total,92.2927695154435,4.29399311032859,3.41323737422788,
202526,Local authority,England,Yorkshire and The Humber,Doncaster,Total,93.1276531349771,3.84114251501843,3.03120435000451,
202526,Local authority,England,Yorkshire and The Humber,Rotherham,Total,92.4442278343687,3.90931979434002,3.64645237129131,
202526,Local authority,England,Yorkshire and The Humber,Sheffield,Total,92.1555689479463,4.17929500910842,3.66513604294533,
202526,Local authority,England,Yorkshire and The Humber,Bradford,Total,91.7914266138979,4.40934601985284,3.79922736624927,
202526,Local authority,England,Yorkshire and The Humber,Calderdale,Total,93.3746449624092,4.36582868864673,2.25952634894404,
202526,Local authority,England,Yorkshire and The Humber,Kirklees,Total,93.5118695033798,4.242093528073,2.24603696854719,
202526,Local authority,England,Yorkshire and The Humber,Leeds,Total,92.8023317290248,3.78147186163807,3.41619640933715,
202526,Local authority,England,Yorkshire and The Humber,Wakefield,Total,92.6269770528513,4.32145149033311,3.05157145681558,
202526,Local authority,England,East Midlands,Derby,Total,92.5090768569748,4.65387611857868,2.83704702444654,
202526,Local authority,England,East Midlands,Leicester,Total,93.2216227786453,4.01586720914553,2.76251001220919,
202526,Local authority,England,East Midlands,Rutland,Total,93.6997518808027,4.58042144996718,1.71982666923015,
202526,Local authority,England,East Midlands,Nottingham,Total,92.580130714116,3.62052678737025,3.79934249851375,
202526,Local authority,England,East Midlands,North Northamptonshire,Total,92.7926996812625,4.77514414174135,2.43215617699616,
202526,Local authority,England,East Midlands,West Northamptonshire,Total,93.2762400577607,4.54003349887899,2.18372644336029,
202526,Local authority,England,East Midlands,Derbyshire,Total,93.3044576359919,4.58154584430107,2.11399651970701,
202526,Local authority,England,East Midlands,Leicestershire,Total,93.5332858521938,4.67888514946948,1.78782899833668,
202526,Local authority,England,East Midlands,Lincolnshire,Total,93.1673623432036,4.91759638762249,1.91504126917389,
202526,Local authority,England,East Midlands,Nottinghamshire,Total,93.4032426467452,4.13558238153472,2.4611749717201,
202526,Local authority,England,West Midlands,"Herefordshire, County of",Total,93.3595565597795,5.28235068976979,1.35809275045073,
202526,Local authority,England,West Midlands,Telford and Wrekin,Total,93.3722408430884,4.31189612676611,2.31586303014548,
202526,Local authority,England,West Midlands,Stoke-on-Trent,Total,92.7794210515691,4.12652196214361,3.09405698628726,
202526,Local authority,England,West Midlands,Shropshire,Total,92.9500584998105,5.10279673850808,1.94714476168144,
202526,Local authority,England,West Midlands,Birmingham,Total,92.8789757033178,4.36280529483063,2.75821900185157,
202526,Local authority,England,West Midlands,Coventry,Total,92.5235157326766,4.62459473336185,2.85188953396159,
202526,Local authority,England,West Midlands,Dudley,Total,92.8796673476356,4.30906457043275,2.81126808193162,
202526,Local authority,England,West Midlands,Sandwell,Total,93.1203598493871,3.85483109544375,3.02480905516914,
202526,Local authority,England,West Midlands,Solihull,Total,92.7071422595309,4.89594350207341,2.39691423839568,
202526,Local authority,England,West Midlands,Walsall,Total,92.5293992424749,3.80851914725856,3.6620816102665,
202526,Local authority,England,West Midlands,Wolverhampton,Total,93.2649839259852,3.71458360618872,3.02043246782608,
202526,Local authority,England,West Midlands,Staffordshire,Total,93.6765190334581,4.51682252810206,1.80665843843985,
202526,Local authority,England,West Midlands,Warwickshire,Total,92.7232838229635,5.08665785444552,2.19005832259097,
202526,Local authority,England,West Midlands,Worcestershire,Total,92.7450868347655,5.22650841627408,2.02840474896047,
202526,Local authority,England,East of England,Peterborough,Total,93.1681286316609,4.7028384910424,2.12903287729671,
202526,Local authority,England,East of England,Luton,Total,93.5774447946944,4.32768920846434,2.09486599684128,
202526,Local authority,England,East of England,Southend-on-Sea,Total,93.2753841525993,4.519168022719,2.20544782468169,
202526,Local authority,England,East of England,Thurrock,Total,93.8792607574763,3.67011705616848,2.45062218635521,
202526,Local authority,England,East of England,Bedford,Total,93.3002585895541,4.67625515841432,2.0234862520316,
202526,Local authority,England,East of England,Central Bedfordshire,Total,93.3021051985721,4.89383966343912,1.80405513798874,
202526,Local authority,England,East of England,Cambridgeshire,Total,93.1351105501549,5.18271687045001,1.68217257939508,
202526,Local authority,England,East of England,Essex,Total,92.9262534034518,4.59840702409498,2.47533957245321,
202526,Local authority,England,East of England,Hertfordshire,Total,93.4002380817826,4.89903299593764,1.70072892227975,
202526,Local authority,England,East of England,Norfolk,Total,92.7037693737131,5.04181676950864,2.25441385677825,
202526,Local authority,England,East of England,Suffolk,Total,92.7623660525836,4.89157274735414,2.34606120006222,
202526,Local authority,England,London,City of London,Total,c,c,c,
202526,Local authority,England,London,Barking and Dagenham,Total,93.7540551995587,3.851469869172,2.39447493126927,
202526,Local authority,England,London,Barnet,Total,94.1514862878419,4.14831244978206,1.70020126237602,
202526,Local authority,England,London,Bexley,Total,93.8064675854368,4.21932938998968,1.97420302457352,
202526,Local authority,England,London,Brent,Total,93.9255457649599,4.06114666327085,2.01330757176926,
202526,Local authority,England,London,Bromley,Total,93.9833231014425,4.17766312988655,1.83901376867099,
202526,Local authority,England,London,Camden,Total,92.1120329687249,5.32671737769825,2.56124965357685,
202526,Local authority,England,London,Croydon,Total,93.3422353528884,4.08613730604089,2.57162734107076,
202526,Local authority,England,London,Ealing,Total,93.7050010985462,4.21101465097054,2.08398425048328,
202526,Local authority,England,London,Enfield,Total,93.5125263832311,4.04169700932661,2.4457766074423,
202526,Local authority,England,London,Greenwich,Total,93.6392907414803,3.56324895848515,2.79746030003451,
202526,Local authority,England,London,Hackney,Total,93.355690983377,4.11893898080847,2.5253700358145,
202526,Local authority,England,London,Hammersmith and Fulham,Total,93.4404705914533,4.45236834327282,2.1071610652739,
202526,Local authority,England,London,Haringey,Total,93.5212099599853,4.23990564698053,2.23888439303413,
202526,Local authority,England,London,Harrow,Total,94.221431567758,4.32931636940255,1.44925206283946,
202526,Local authority,England,London,Havering,Total,93.9351564525967,4.34283885200087,1.72200469540239,
202526,Local authority,England,London,Hillingdon,Total,92.8760168712812,4.78874709159236,2.3352360371264,
202526,Local authority,England,London,Hounslow,Total,93.5283735388166,4.16269426861699,2.30893219256639,
202526,Local authority,England,London,Islington,Total,92.5423934253771,4.01735697333483,3.44024960128806,
202526,Local authority,England,London,Kensington and Chelsea,Total,92.9850784976813,4.2522256363264,2.7626958659923,
202526,Local authority,England,London,Kingston upon Thames,Total,94.1209130032081,4.00326559174272,1.87582140504919,
202526,Local authority,England,London,Lambeth,Total,93.3737902895028,4.08044385774877,2.54576585274847,
202526,Local authority,England,London,Lewisham,Total,94.0025486758722,3.54702489782311,2.45042642630468,
202526,Local authority,England,London,Merton,Total,94.2082578493742,3.88603549948358,1.90570665114219,
202526,Local authority,England,London,Newham,Total,93.3266519193159,3.55351707221881,3.11983100846524,
202526,Local authority,England,London,Redbridge,Total,93.6577194777094,4.31412693679273,2.02815358549789,
202526,Local authority,England,London,Richmond upon Thames,Total,94.394150315852,3.53361990384623,2.0722297803018,
202526,Local authority,England,London,Southwark,Total,93.7821908155276,3.95981016176114,2.25799902271129,
202526,Local authority,England,London,Sutton,Total,94.0352139335965,4.22410665543756,1.74067941096593,
202526,Local authority,England,London,Tower Hamlets,Total,93.583910721712,4.23700500605559,2.17908427223239,
202526,Local authority,England,London,Waltham Forest,Total,93.5421456916992,3.72796430465756,2.72989000364321,
202526,Local authority,England,London,Wandsworth,Total,93.7328930880785,4.16849703584345,2.09860987607803,
202526,Local authority,England,London,Westminster,Total,93.0397907358111,4.29046431384069,2.66974495034821,
202526,Local authority,England,South East,Medway,Total,93.2487593788394,4.4562384986586,2.29500212250205,
202526,Local authority,England,South East,Bracknell Forest,Total,93.6933143255811,4.67662088677212,1.63006478764674,
202526,Local authority,England,South East,West Berkshire,Total,93.0656910465436,5.13456105456024,1.79974789889617,
202526,Local authority,England,South East,Reading,Total,93.1474151584495,4.43030865742313,2.42227618412733,
202526,Local authority,England,South East,Slough,Total,93.3308521526182,4.92700997191585,1.74213787546599,
202526,Local authority,England,South East,Windsor and Maidenhead,Total,93.3198625894014,4.91279683129658,1.76734057930206,
202526,Local authority,England,South East,Wokingham,Total,93.9224988849599,4.60947174910198,1.46802936593817,
202526,Local authority,England,South East,Milton Keynes,Total,93.4109419137249,4.63052889853791,1.95852918773714,
202526,Local authority,England,South East,Brighton and Hove,Total,92.099387592475,5.59141072742434,2.30920168010065,
202526,Local authority,England,South East,Portsmouth,Total,92.0032128901474,4.76755114933173,3.22923596052084,
202526,Local authority,England,South East,Southampton,Total,91.8875280731985,4.83058515860084,3.28188676820065,
202526,Local authority,England,South East,Isle of Wight,Total,91.7427505590718,6.31707936476627,1.94017007616197,
202526,Local authority,England,South East,Buckinghamshire,Total,93.2848806907787,5.22193374482306,1.49318556439827,
202526,Local authority,England,South East,East Sussex,Total,92.2429421114871,5.0850333440377,2.67202454447524,
202526,Local authority,England,South East,Hampshire,Total,93.3527102647567,4.92783340470894,1.71945633053437,
202526,Local authority,England,South East,Kent,Total,92.9203819436989,4.69854415081117,2.38107390548992,
202526,Local authority,England,South East,Oxfordshire,Total,92.9102899230295,5.04408149527352,2.04562858169698,
202526,Local authority,England,South East,Surrey,Total,93.7591608385378,4.5698928976912,1.670946263771,
202526,Local authority,England,South East,West Sussex,Total,93.0002424630251,5.08807261207486,1.91168492490007,
202526,Local authority,England,South West,Bath and North East Somerset,Total,93.1742076712204,4.84226560510036,1.9835267236792,
202526,Local authority,England,South West,"Bristol, City of",Total,91.940155412371,5.22121016044403,2.83863442718501,
202526,Local authority,England,South West,North Somerset,Total,92.8238708902592,5.05815866815922,2.11797044158161,
202526,Local authority,England,South West,South Gloucestershire,Total,93.066528111915,4.82512688834104,2.10834499974398,
202526,Local authority,England,South West,Plymouth,Total,92.4059677001468,5.06965195612747,2.52438034372571,
202526,Local authority,England,South West,Torbay,Total,92.2199330290368,5.50676947127679,2.27329749968638,
202526,Local authority,England,South West,Swindon,Total,93.3244511178108,4.5273927383271,2.14815614386213,
202526,Local authority,England,South West,Cornwall,Total,92.6619925145749,5.04629163479441,2.29171585063071,
202526,Local authority,England,South West,Isles of Scilly,Total,c,c,c,
202526,Local authority,England,South West,Wiltshire,Total,93.1985980273076,4.80865777930173,1.99274419339065,
202526,Local authority,England,South West,"Bournemouth, Christchurch and Poole",Total,93.4598921602378,4.57533686303094,1.96477097673131,
202526,Local authority,England,South West,Dorset,Total,92.4825524840075,5.2008458124446,2.31660170354791,
202526,Local authority,England,South West,Somerset,Total,92.2607320792422,5.37111534732832,2.36815257342944,
202526,Local authority,England,South West,Devon,Total,92.4494225148337,5.32195860181121,2.22861888335505,
202526,Local authority,England,South West,Gloucestershire,Total,93.0329672446363,5.25977079632934,1.7072619590344,
202526,National,England,,,Total,93.0689968893723,4.52093502662115,2.4100680840065,
202526,Regional,England,North East,,Total,92.6398090543288,4.3409522449243,3.01923870074689,
202526,Regional,England,North West,,Total,93.0105390400595,4.29738704182641,2.69207391811404,
202526,Regional,England,Yorkshire and The Humber,,Total,92.7295827820777,4.20277553762955,3.0676416802927,
202526,Regional,England,East Midlands,,Total,93.19621227407,4.47972292001067,2.32406480591936,
202526,Regional,England,West Midlands,,Total,92.9733717537076,4.51055878186784,2.51606946442453,
202526,Regional,England,East of England,,Total,93.1156988858259,4.77885841991652,2.10544269425761,
202526,Regional,England,London,,Total,93.6534344963822,4.09700210584388,2.24956339777396,
202526,Regional,England,South East,,Total,93.08547217487,4.87514586237651,2.03938196275353,
202526,Regional,England,South West,,Total,92.7324254985936,5.07722640873242,2.19034809267402,
